-- phpMyAdmin SQL Dump
-- version 4.7.0
-- https://www.phpmyadmin.net/
--
-- Host: 127.0.0.1
-- Generation Time: Aug 24, 2017 at 01:51 PM
-- Server version: 10.1.24-MariaDB
-- PHP Version: 7.1.6

SET SQL_MODE = "NO_AUTO_VALUE_ON_ZERO";
SET AUTOCOMMIT = 0;
START TRANSACTION;
SET time_zone = "+00:00";


/*!40101 SET @OLD_CHARACTER_SET_CLIENT=@@CHARACTER_SET_CLIENT */;
/*!40101 SET @OLD_CHARACTER_SET_RESULTS=@@CHARACTER_SET_RESULTS */;
/*!40101 SET @OLD_COLLATION_CONNECTION=@@COLLATION_CONNECTION */;
/*!40101 SET NAMES utf8mb4 */;

--
-- Database: `vdoopos`
--

-- --------------------------------------------------------

--
-- Table structure for table `branches`
--

CREATE TABLE `branches` (
  `id` int(11) NOT NULL,
  `name` varchar(100) NOT NULL,
  `manager` varchar(100) NOT NULL,
  `address` text NOT NULL,
  `phone` varchar(20) NOT NULL,
  `active` bit(1) NOT NULL DEFAULT b'1',
  `create_at` timestamp NOT NULL DEFAULT CURRENT_TIMESTAMP,
  `modify_at` timestamp NOT NULL DEFAULT CURRENT_TIMESTAMP
) ENGINE=InnoDB DEFAULT CHARSET=utf8;

--
-- Dumping data for table `branches`
--

INSERT INTO `branches` (`id`, `name`, `manager`, `address`, `phone`, `active`, `create_at`, `modify_at`) VALUES
(1, 'Phnom Penh', 'Pen Oudom', 'Phnom Penh, Cambodia', '081 777 258', b'1111111111111111111111111111111', '2017-08-12 14:25:04', '2017-08-12 14:25:04'),
(2, 'Sihanoukvill', 'Riem Dim', 'Phum 02, Sangkat 04, Sihanoukvill, Cambodia', '012 90 90 76', b'1111111111111111111111111111111', '2017-08-20 14:57:21', '2017-08-20 14:57:21'),
(3, 'Prek Leap', 'Rieam Dim', 'National Road 6A, Sangkat Prek Leap, Khan Chroy Chongva, Phnom Penh', '012 90 90 76', b'1111111111111111111111111111111', '2017-08-21 01:52:13', '2017-08-21 01:52:13');

-- --------------------------------------------------------

--
-- Table structure for table `categories`
--

CREATE TABLE `categories` (
  `id` int(11) NOT NULL,
  `name` varchar(90) NOT NULL,
  `active` bit(1) NOT NULL DEFAULT b'1',
  `create_at` timestamp NOT NULL DEFAULT CURRENT_TIMESTAMP,
  `modify_at` timestamp NOT NULL DEFAULT CURRENT_TIMESTAMP
) ENGINE=InnoDB DEFAULT CHARSET=utf8;

--
-- Dumping data for table `categories`
--

INSERT INTO `categories` (`id`, `name`, `active`, `create_at`, `modify_at`) VALUES
(1, 'Italian Soda', b'1111111111111111111111111111111', '2017-08-07 04:37:52', '2017-08-07 04:37:52'),
(2, 'Smoothies', b'1111111111111111111111111111111', '2017-08-20 05:52:59', '2017-08-20 05:52:59'),
(3, 'Hot Café', b'1111111111111111111111111111111', '2017-08-20 05:53:12', '2017-08-20 05:53:12'),
(4, 'Iced Café', b'1111111111111111111111111111111', '2017-08-20 05:53:25', '2017-08-20 05:53:25'),
(5, 'Frappe', b'1111111111111111111111111111111', '2017-08-20 05:53:33', '2017-08-20 05:53:33'),
(6, 'Breakfast', b'1111111111111111111111111111111', '2017-08-20 05:53:44', '2017-08-20 05:53:44'),
(7, 'Sandwich & Burger', b'1111111111111111111111111111111', '2017-08-20 05:53:51', '2017-08-20 05:53:51'),
(8, 'Crispy Deep Fried', b'1111111111111111111111111111111', '2017-08-20 05:53:58', '2017-08-20 05:53:58'),
(9, 'Wok Fried', b'1111111111111111111111111111111', '2017-08-20 05:54:06', '2017-08-20 05:54:06'),
(10, 'Others', b'1111111111111111111111111111111', '2017-08-20 05:54:14', '2017-08-20 05:54:14');

-- --------------------------------------------------------

--
-- Table structure for table `customers`
--

CREATE TABLE `customers` (
  `id` int(11) NOT NULL,
  `name` varchar(100) CHARACTER SET utf8 COLLATE utf8_unicode_ci NOT NULL,
  `address` text CHARACTER SET utf8 COLLATE utf8_unicode_ci,
  `phone` varchar(20) CHARACTER SET utf8 COLLATE utf8_unicode_ci NOT NULL,
  `card_number` varchar(15) CHARACTER SET latin1 NOT NULL,
  `discount` float NOT NULL DEFAULT '0',
  `point` int(5) NOT NULL DEFAULT '0',
  `bonus` int(5) NOT NULL DEFAULT '0',
  `active` bit(1) NOT NULL DEFAULT b'1',
  `create_at` timestamp NOT NULL DEFAULT CURRENT_TIMESTAMP,
  `modify_at` timestamp NOT NULL DEFAULT CURRENT_TIMESTAMP
) ENGINE=InnoDB DEFAULT CHARSET=utf8;

--
-- Dumping data for table `customers`
--

INSERT INTO `customers` (`id`, `name`, `address`, `phone`, `card_number`, `discount`, `point`, `bonus`, `active`, `create_at`, `modify_at`) VALUES
(1, 'Vuthy', 'Phnom Penh', '012 999 777', '00015', 10, 0, 0, b'1111111111111111111111111111111', '2017-08-20 08:43:26', '2017-08-20 08:43:26'),
(2, 'Dara', 'Phnom Penh', '011 777 666', '00010', 10, 0, 0, b'1111111111111111111111111111111', '2017-08-20 08:51:05', '2017-08-20 08:51:05'),
(3, 'Long Tha', 'Sihanoukville', '096 444 0776', '00012', 10, 0, 0, b'1111111111111111111111111111111', '2017-08-20 09:43:35', '2017-08-20 09:43:35');

-- --------------------------------------------------------

--
-- Table structure for table `discounts`
--

CREATE TABLE `discounts` (
  `id` int(11) NOT NULL,
  `active` bit(1) NOT NULL DEFAULT b'1'
) ENGINE=InnoDB DEFAULT CHARSET=utf8;

-- --------------------------------------------------------

--
-- Table structure for table `items`
--

CREATE TABLE `items` (
  `id` int(11) NOT NULL,
  `name` varchar(30) NOT NULL,
  `description` text,
  `category_id` int(11) NOT NULL,
  `favorite` bit(1) NOT NULL DEFAULT b'0',
  `sugar_level` bit(1) NOT NULL DEFAULT b'0',
  `image` varchar(90) NOT NULL DEFAULT 'default.png',
  `code` varchar(30) NOT NULL,
  `active` bit(1) NOT NULL DEFAULT b'1',
  `create_at` timestamp NOT NULL DEFAULT CURRENT_TIMESTAMP,
  `modify_at` timestamp NOT NULL DEFAULT CURRENT_TIMESTAMP
) ENGINE=InnoDB DEFAULT CHARSET=utf8;

--
-- Dumping data for table `items`
--

INSERT INTO `items` (`id`, `name`, `description`, `category_id`, `favorite`, `sugar_level`, `image`, `code`, `active`, `create_at`, `modify_at`) VALUES
(1, 'Blueberry Soda', NULL, 1, b'1111111111111111111111111111111', b'1111111111111111111111111111111', 'default.png', 'IS001', b'1111111111111111111111111111111', '2017-08-24 08:13:51', '2017-08-24 08:13:51'),
(2, 'Guava Soda', NULL, 1, b'1111111111111111111111111111111', b'1111111111111111111111111111111', 'default.png', 'IS002', b'1111111111111111111111111111111', '2017-08-24 08:15:31', '2017-08-24 08:15:31'),
(3, 'Lemon Soda', NULL, 1, b'1111111111111111111111111111111', b'1111111111111111111111111111111', 'default.png', 'IS003', b'1111111111111111111111111111111', '2017-08-24 08:16:05', '2017-08-24 08:16:05'),
(4, 'Passion Soda', NULL, 1, b'1111111111111111111111111111111', b'1111111111111111111111111111111', 'default.png', 'IS004', b'1111111111111111111111111111111', '2017-08-24 08:16:22', '2017-08-24 08:16:22'),
(5, 'Strawberry Soda', NULL, 1, b'1111111111111111111111111111111', b'1111111111111111111111111111111', 'default.png', 'IS005', b'1111111111111111111111111111111', '2017-08-24 08:16:36', '2017-08-24 08:16:36'),
(6, 'Mojito Soda', NULL, 1, b'1111111111111111111111111111111', b'1111111111111111111111111111111', 'default.png', 'IS006', b'1111111111111111111111111111111', '2017-08-24 08:16:51', '2017-08-24 08:16:51'),
(7, 'Kiwi Soda', NULL, 1, b'1111111111111111111111111111111', b'1111111111111111111111111111111', 'default.png', 'IS007', b'1111111111111111111111111111111', '2017-08-24 08:17:02', '2017-08-24 08:17:02'),
(8, 'Banana Cooler', NULL, 1, b'1111111111111111111111111111111', b'1111111111111111111111111111111', 'default.png', 'IS008', b'1111111111111111111111111111111', '2017-08-24 08:17:17', '2017-08-24 08:17:17'),
(9, 'Blueberry Cooler', NULL, 1, b'1111111111111111111111111111111', b'1111111111111111111111111111111', 'default.png', 'IS009', b'1111111111111111111111111111111', '2017-08-24 08:17:28', '2017-08-24 08:17:28'),
(10, 'Lychee Cooler', NULL, 1, b'1111111111111111111111111111111', b'1111111111111111111111111111111', 'default.png', 'IS010', b'1111111111111111111111111111111', '2017-08-24 08:17:38', '2017-08-24 08:17:38'),
(11, 'Mango Cooler', NULL, 1, b'1111111111111111111111111111111', b'1111111111111111111111111111111', 'default.png', 'IS011', b'1111111111111111111111111111111', '2017-08-24 08:17:49', '2017-08-24 08:17:49'),
(12, 'Passion Smoothies', NULL, 2, b'1111111111111111111111111111111', b'1111111111111111111111111111111', 'default.png', 'ST001', b'1111111111111111111111111111111', '2017-08-24 08:18:24', '2017-08-24 08:18:24'),
(13, 'Rasberry Smoothies', NULL, 2, b'1111111111111111111111111111111', b'1111111111111111111111111111111', 'default.png', 'ST002', b'1111111111111111111111111111111', '2017-08-24 08:18:38', '2017-08-24 08:18:38'),
(14, 'Strawberry Smoothies', NULL, 2, b'1111111111111111111111111111111', b'1111111111111111111111111111111', 'default.png', 'ST003', b'1111111111111111111111111111111', '2017-08-24 08:18:52', '2017-08-24 08:18:52'),
(15, 'Kiwi Smoothies', NULL, 2, b'1111111111111111111111111111111', b'1111111111111111111111111111111', 'default.png', 'ST004', b'1111111111111111111111111111111', '2017-08-24 08:19:07', '2017-08-24 08:19:07'),
(16, 'Mango Smoothies', NULL, 2, b'1111111111111111111111111111111', b'1111111111111111111111111111111', 'default.png', 'ST005', b'1111111111111111111111111111111', '2017-08-24 08:19:21', '2017-08-24 08:19:21'),
(17, 'Blueberry Smoothies', NULL, 2, b'1111111111111111111111111111111', b'1111111111111111111111111111111', 'default.png', 'ST006', b'1111111111111111111111111111111', '2017-08-24 08:19:38', '2017-08-24 08:19:38'),
(18, 'Banana Smoothies', NULL, 2, b'1111111111111111111111111111111', b'1111111111111111111111111111111', 'default.png', 'ST007', b'1111111111111111111111111111111', '2017-08-24 08:19:53', '2017-08-24 08:19:53'),
(19, 'Espresso', NULL, 3, b'1111111111111111111111111111111', b'1111111111111111111111111111111', 'default.png', 'HC001', b'1111111111111111111111111111111', '2017-08-24 08:20:24', '2017-08-24 08:20:24'),
(20, 'Americano', NULL, 3, b'1111111111111111111111111111111', b'1111111111111111111111111111111', 'default.png', 'HC002', b'1111111111111111111111111111111', '2017-08-24 08:20:39', '2017-08-24 08:20:39'),
(21, 'Cappuccino', NULL, 3, b'1111111111111111111111111111111', b'1111111111111111111111111111111', 'default.png', 'HC003', b'1111111111111111111111111111111', '2017-08-24 08:20:54', '2017-08-24 08:20:54'),
(22, 'Café Latte', NULL, 3, b'1111111111111111111111111111111', b'1111111111111111111111111111111', 'default.png', 'HC004', b'1111111111111111111111111111111', '2017-08-24 08:21:10', '2017-08-24 08:21:10'),
(23, 'Mocha', NULL, 3, b'1111111111111111111111111111111', b'1111111111111111111111111111111', 'default.png', 'HC005', b'1111111111111111111111111111111', '2017-08-24 08:21:25', '2017-08-24 08:21:25'),
(24, 'Hot Chocolate', NULL, 3, b'1111111111111111111111111111111', b'1111111111111111111111111111111', 'default.png', 'HC006', b'1111111111111111111111111111111', '2017-08-24 08:21:39', '2017-08-24 08:21:39'),
(25, 'Green Tea Latte', NULL, 3, b'1111111111111111111111111111111', b'1111111111111111111111111111111', 'default.png', 'HC007', b'1111111111111111111111111111111', '2017-08-24 08:21:55', '2017-08-24 08:21:55'),
(26, 'Iced Americano', NULL, 4, b'1111111111111111111111111111111', b'1111111111111111111111111111111', 'default.png', 'IC001', b'1111111111111111111111111111111', '2017-08-24 08:22:18', '2017-08-24 08:22:18'),
(27, 'Iced Cappuccino', NULL, 4, b'1111111111111111111111111111111', b'1111111111111111111111111111111', 'default.png', 'IC002', b'1111111111111111111111111111111', '2017-08-24 08:22:33', '2017-08-24 08:22:33'),
(28, 'Iced Latte', NULL, 4, b'1111111111111111111111111111111', b'1111111111111111111111111111111', 'default.png', 'IC003', b'1111111111111111111111111111111', '2017-08-24 08:22:52', '2017-08-24 08:22:52'),
(29, 'Iced Mocha', NULL, 4, b'1111111111111111111111111111111', b'1111111111111111111111111111111', 'default.png', 'IC004', b'1111111111111111111111111111111', '2017-08-24 08:23:06', '2017-08-24 08:23:06'),
(30, 'Iced Chocolate', NULL, 4, b'1111111111111111111111111111111', b'1111111111111111111111111111111', 'default.png', 'IC005', b'1111111111111111111111111111111', '2017-08-24 08:23:22', '2017-08-24 08:23:22'),
(31, 'Iced Coffee with Milk', NULL, 4, b'1111111111111111111111111111111', b'1111111111111111111111111111111', 'default.png', 'IC006', b'1111111111111111111111111111111', '2017-08-24 08:23:35', '2017-08-24 08:23:35'),
(32, 'Iced Green Tea', NULL, 4, b'1111111111111111111111111111111', b'1111111111111111111111111111111', 'default.png', 'IC007', b'1111111111111111111111111111111', '2017-08-24 08:23:49', '2017-08-24 08:23:49'),
(33, 'Iced Passion', NULL, 4, b'1111111111111111111111111111111', b'1111111111111111111111111111111', 'default.png', 'IC008', b'1111111111111111111111111111111', '2017-08-24 08:24:05', '2017-08-24 08:24:05'),
(34, 'Red Bean Frappe Flavour', NULL, 5, b'1111111111111111111111111111111', b'1111111111111111111111111111111', 'default.png', 'FR001', b'1111111111111111111111111111111', '2017-08-24 08:24:19', '2017-08-24 08:24:19'),
(35, 'Green Bean Frappe Flavour', NULL, 5, b'1111111111111111111111111111111', b'1111111111111111111111111111111', 'default.png', 'FR002', b'1111111111111111111111111111111', '2017-08-24 08:25:21', '2017-08-24 08:25:21'),
(36, 'Caramel Frappe', NULL, 5, b'1111111111111111111111111111111', b'1111111111111111111111111111111', 'default.png', 'FR003', b'1111111111111111111111111111111', '2017-08-24 08:25:34', '2017-08-24 08:25:34'),
(37, 'Chocolate Frappe', NULL, 5, b'1111111111111111111111111111111', b'1111111111111111111111111111111', 'default.png', 'FR004', b'1111111111111111111111111111111', '2017-08-24 08:25:53', '2017-08-24 08:25:53'),
(38, 'Oreo Frappe', NULL, 5, b'1111111111111111111111111111111', b'1111111111111111111111111111111', 'default.png', 'FR005', b'1111111111111111111111111111111', '2017-08-24 08:26:04', '2017-08-24 08:26:04'),
(39, 'Green Tea Frappe', NULL, 5, b'1111111111111111111111111111111', b'1111111111111111111111111111111', 'default.png', 'FR006', b'1111111111111111111111111111111', '2017-08-24 08:26:16', '2017-08-24 08:26:16'),
(40, 'Passion Frappe', NULL, 5, b'1111111111111111111111111111111', b'1111111111111111111111111111111', 'default.png', 'FR007', b'1111111111111111111111111111111', '2017-08-24 08:26:28', '2017-08-24 08:26:28'),
(41, 'Mocha Frappe', NULL, 5, b'1111111111111111111111111111111', b'1111111111111111111111111111111', 'default.png', 'FR008', b'1111111111111111111111111111111', '2017-08-24 08:26:44', '2017-08-24 08:26:44'),
(42, 'Strawberry Frappe', NULL, 5, b'1111111111111111111111111111111', b'1111111111111111111111111111111', 'default.png', 'FR009', b'1111111111111111111111111111111', '2017-08-24 08:26:55', '2017-08-24 08:26:55'),
(43, 'Banana Frappe', NULL, 5, b'1111111111111111111111111111111', b'1111111111111111111111111111111', 'default.png', 'FR010', b'1111111111111111111111111111111', '2017-08-24 08:27:10', '2017-08-24 08:27:10'),
(44, 'Sunny Side Up', NULL, 6, b'1111111111111111111111111111111', b'1111111111111111111111111111111', 'default.png', 'BF001', b'1111111111111111111111111111111', '2017-08-24 08:28:34', '2017-08-24 08:28:34'),
(45, 'Scramble Egg', NULL, 6, b'1111111111111111111111111111111', b'1111111111111111111111111111111', 'default.png', 'BF002', b'1111111111111111111111111111111', '2017-08-24 08:28:58', '2017-08-24 08:28:58'),
(46, 'Omelette', NULL, 6, b'1111111111111111111111111111111', b'1111111111111111111111111111111', 'default.png', 'BF003', b'1111111111111111111111111111111', '2017-08-24 08:29:12', '2017-08-24 08:29:12'),
(47, 'Ham & Cheese Sandwich', NULL, 7, b'1111111111111111111111111111111', b'1111111111111111111111111111111', 'default.png', 'SB001', b'1111111111111111111111111111111', '2017-08-24 08:30:22', '2017-08-24 08:30:22'),
(48, 'Chicken Burger', NULL, 7, b'1111111111111111111111111111111', b'1111111111111111111111111111111', 'default.png', 'SB002', b'1111111111111111111111111111111', '2017-08-24 08:30:49', '2017-08-24 08:30:49'),
(49, 'Beef Burger', NULL, 7, b'1111111111111111111111111111111', b'1111111111111111111111111111111', 'default.png', 'SB003', b'1111111111111111111111111111111', '2017-08-24 08:31:05', '2017-08-24 08:31:05'),
(50, 'Pork Ribs', NULL, 8, b'1111111111111111111111111111111', b'1111111111111111111111111111111', 'default.png', 'CD001', b'1111111111111111111111111111111', '2017-08-24 08:31:43', '2017-08-24 08:31:43'),
(51, 'Chicken Leg', NULL, 8, b'1111111111111111111111111111111', b'1111111111111111111111111111111', 'default.png', 'CD002', b'1111111111111111111111111111111', '2017-08-24 08:31:59', '2017-08-24 08:31:59'),
(52, 'Chicken Wing & Leg', NULL, 8, b'1111111111111111111111111111111', b'1111111111111111111111111111111', 'default.png', 'CD003', b'1111111111111111111111111111111', '2017-08-24 08:32:16', '2017-08-24 08:32:16'),
(53, 'French Fried', NULL, 8, b'1111111111111111111111111111111', b'1111111111111111111111111111111', 'default.png', 'CD004', b'1111111111111111111111111111111', '2017-08-24 08:32:33', '2017-08-24 08:32:33'),
(54, 'Beef Lok Lak', NULL, 9, b'1111111111111111111111111111111', b'1111111111111111111111111111111', 'default.png', 'WF001', b'1111111111111111111111111111111', '2017-08-24 08:33:08', '2017-08-24 08:33:08'),
(55, 'Areng Noodle', NULL, 9, b'1111111111111111111111111111111', b'1111111111111111111111111111111', 'default.png', 'WF002', b'1111111111111111111111111111111', '2017-08-24 08:33:25', '2017-08-24 08:33:25'),
(56, 'Wok Fried Beef Noodle', NULL, 9, b'1111111111111111111111111111111', b'1111111111111111111111111111111', 'default.png', 'WF003', b'1111111111111111111111111111111', '2017-08-24 08:33:42', '2017-08-24 08:33:42'),
(57, 'Yang Zhou Fried Rice', NULL, 9, b'1111111111111111111111111111111', b'1111111111111111111111111111111', 'default.png', 'WF004', b'1111111111111111111111111111111', '2017-08-24 08:34:04', '2017-08-24 08:34:04'),
(58, 'Pure Water', NULL, 10, b'1111111111111111111111111111111', b'1111111111111111111111111111111', 'default.png', 'OT001', b'1111111111111111111111111111111', '2017-08-24 08:35:46', '2017-08-24 08:35:46'),
(59, 'Coca Fanta Sprite', NULL, 10, b'1111111111111111111111111111111', b'1111111111111111111111111111111', 'default.png', 'OT002', b'1111111111111111111111111111111', '2017-08-24 08:36:05', '2017-08-24 08:36:05'),
(60, 'Cake', NULL, 10, b'1111111111111111111111111111111', b'1111111111111111111111111111111', 'default.png', 'OT003', b'1111111111111111111111111111111', '2017-08-24 08:36:18', '2017-08-24 08:36:18'),
(61, 'Donut', NULL, 10, b'1111111111111111111111111111111', b'1111111111111111111111111111111', 'default.png', 'OT004', b'1111111111111111111111111111111', '2017-08-24 08:36:30', '2017-08-24 08:36:30'),
(62, 'Add Mee', NULL, 10, b'1111111111111111111111111111111', b'1111111111111111111111111111111', 'default.png', 'OT005', b'1111111111111111111111111111111', '2017-08-24 08:36:47', '2017-08-24 08:36:47'),
(63, 'Add Egg', NULL, 10, b'1111111111111111111111111111111', b'1111111111111111111111111111111', 'default.png', 'OT006', b'1111111111111111111111111111111', '2017-08-24 08:37:10', '2017-08-24 08:37:10');

-- --------------------------------------------------------

--
-- Table structure for table `item_details`
--

CREATE TABLE `item_details` (
  `id` bigint(20) NOT NULL,
  `item_id` int(11) NOT NULL,
  `size_id` int(11) NOT NULL,
  `price` float NOT NULL,
  `cost` float NOT NULL DEFAULT '0',
  `discount` float NOT NULL DEFAULT '0',
  `point` int(11) NOT NULL DEFAULT '0',
  `free_able` bit(1) NOT NULL DEFAULT b'0',
  `active` bit(1) NOT NULL DEFAULT b'1',
  `create_at` timestamp NOT NULL DEFAULT CURRENT_TIMESTAMP,
  `modify_at` timestamp NOT NULL DEFAULT CURRENT_TIMESTAMP
) ENGINE=InnoDB DEFAULT CHARSET=utf8;

--
-- Dumping data for table `item_details`
--

INSERT INTO `item_details` (`id`, `item_id`, `size_id`, `price`, `cost`, `discount`, `point`, `free_able`, `active`, `create_at`, `modify_at`) VALUES
(1, 1, 1, 2, 0, 0, 1, b'1111111111111111111111111111111', b'1111111111111111111111111111111', '2017-08-24 11:26:00', '2017-08-24 11:26:00'),
(2, 2, 1, 2, 0, 0, 1, b'1111111111111111111111111111111', b'1111111111111111111111111111111', '2017-08-24 11:26:26', '2017-08-24 11:26:26'),
(3, 3, 1, 2, 0, 0, 1, b'1111111111111111111111111111111', b'1111111111111111111111111111111', '2017-08-24 11:26:57', '2017-08-24 11:26:57'),
(4, 4, 1, 2, 0, 0, 1, b'1111111111111111111111111111111', b'1111111111111111111111111111111', '2017-08-24 11:27:20', '2017-08-24 11:27:20'),
(5, 5, 1, 2, 0, 0, 1, b'1111111111111111111111111111111', b'1111111111111111111111111111111', '2017-08-24 11:28:04', '2017-08-24 11:28:04'),
(6, 6, 1, 2, 0, 0, 1, b'1111111111111111111111111111111', b'1111111111111111111111111111111', '2017-08-24 11:28:19', '2017-08-24 11:28:19'),
(7, 7, 1, 2, 0, 0, 1, b'1111111111111111111111111111111', b'1111111111111111111111111111111', '2017-08-24 11:28:37', '2017-08-24 11:28:37'),
(8, 8, 1, 2, 0, 0, 1, b'1111111111111111111111111111111', b'1111111111111111111111111111111', '2017-08-24 11:30:19', '2017-08-24 11:30:19'),
(9, 9, 1, 2, 0, 0, 1, b'1111111111111111111111111111111', b'1111111111111111111111111111111', '2017-08-24 11:32:14', '2017-08-24 11:32:14'),
(10, 10, 1, 2, 0, 0, 1, b'1111111111111111111111111111111', b'1111111111111111111111111111111', '2017-08-24 11:32:37', '2017-08-24 11:32:37'),
(11, 11, 1, 2, 0, 0, 1, b'1111111111111111111111111111111', b'1111111111111111111111111111111', '2017-08-24 11:32:49', '2017-08-24 11:32:49'),
(12, 12, 1, 2, 0, 0, 1, b'1111111111111111111111111111111', b'1111111111111111111111111111111', '2017-08-24 11:33:24', '2017-08-24 11:33:24'),
(13, 13, 1, 2, 0, 0, 1, b'1111111111111111111111111111111', b'1111111111111111111111111111111', '2017-08-24 11:33:36', '2017-08-24 11:33:36'),
(14, 14, 1, 2, 0, 0, 1, b'1111111111111111111111111111111', b'1111111111111111111111111111111', '2017-08-24 11:33:54', '2017-08-24 11:33:54'),
(15, 15, 1, 2, 0, 0, 1, b'1111111111111111111111111111111', b'1111111111111111111111111111111', '2017-08-24 11:34:22', '2017-08-24 11:34:22'),
(16, 16, 1, 2, 0, 0, 1, b'1111111111111111111111111111111', b'1111111111111111111111111111111', '2017-08-24 11:34:44', '2017-08-24 11:34:44'),
(17, 17, 1, 2, 0, 0, 1, b'1111111111111111111111111111111', b'1111111111111111111111111111111', '2017-08-24 11:35:06', '2017-08-24 11:35:06'),
(18, 18, 1, 2, 0, 0, 1, b'1111111111111111111111111111111', b'1111111111111111111111111111111', '2017-08-24 11:35:20', '2017-08-24 11:35:20'),
(19, 19, 1, 1.25, 0, 0, 1, b'1111111111111111111111111111111', b'1111111111111111111111111111111', '2017-08-24 11:35:57', '2017-08-24 11:35:57'),
(20, 20, 1, 1.5, 0, 0, 1, b'1111111111111111111111111111111', b'1111111111111111111111111111111', '2017-08-24 11:36:11', '2017-08-24 11:36:11'),
(21, 21, 1, 1.5, 0, 0, 1, b'1111111111111111111111111111111', b'1111111111111111111111111111111', '2017-08-24 11:36:25', '2017-08-24 11:36:25'),
(22, 22, 1, 1.5, 0, 0, 1, b'1111111111111111111111111111111', b'1111111111111111111111111111111', '2017-08-24 11:37:01', '2017-08-24 11:37:01'),
(23, 23, 1, 1.5, 0, 0, 1, b'1111111111111111111111111111111', b'1111111111111111111111111111111', '2017-08-24 11:37:12', '2017-08-24 11:37:12'),
(24, 24, 1, 1.5, 0, 0, 1, b'1111111111111111111111111111111', b'1111111111111111111111111111111', '2017-08-24 11:37:23', '2017-08-24 11:37:23'),
(25, 25, 1, 1.5, 0, 0, 1, b'1111111111111111111111111111111', b'1111111111111111111111111111111', '2017-08-24 11:37:37', '2017-08-24 11:37:37'),
(26, 26, 1, 1.25, 0, 0, 1, b'1111111111111111111111111111111', b'1111111111111111111111111111111', '2017-08-24 11:38:22', '2017-08-24 11:38:22'),
(27, 26, 2, 1.5, 0, 0, 1, b'1111111111111111111111111111111', b'1111111111111111111111111111111', '2017-08-24 11:38:43', '2017-08-24 11:38:43'),
(28, 27, 1, 1.5, 0, 0, 1, b'1111111111111111111111111111111', b'1111111111111111111111111111111', '2017-08-24 11:39:07', '2017-08-24 11:39:07'),
(29, 27, 2, 2, 0, 0, 1, b'1111111111111111111111111111111', b'1111111111111111111111111111111', '2017-08-24 11:39:15', '2017-08-24 11:39:15'),
(30, 28, 1, 1.5, 0, 0, 1, b'1111111111111111111111111111111', b'1111111111111111111111111111111', '2017-08-24 11:39:29', '2017-08-24 11:39:29'),
(31, 28, 2, 2, 0, 0, 1, b'1111111111111111111111111111111', b'1111111111111111111111111111111', '2017-08-24 11:39:34', '2017-08-24 11:39:34'),
(32, 29, 1, 1.5, 0, 0, 1, b'1111111111111111111111111111111', b'1111111111111111111111111111111', '2017-08-24 11:39:45', '2017-08-24 11:39:45'),
(33, 29, 2, 2, 0, 0, 1, b'1111111111111111111111111111111', b'1111111111111111111111111111111', '2017-08-24 11:39:52', '2017-08-24 11:39:52'),
(34, 30, 1, 1.5, 0, 0, 1, b'1111111111111111111111111111111', b'1111111111111111111111111111111', '2017-08-24 11:40:03', '2017-08-24 11:40:03'),
(35, 30, 2, 2, 0, 0, 1, b'1111111111111111111111111111111', b'1111111111111111111111111111111', '2017-08-24 11:40:16', '2017-08-24 11:40:16'),
(36, 31, 1, 1.5, 0, 0, 1, b'1111111111111111111111111111111', b'1111111111111111111111111111111', '2017-08-24 11:41:10', '2017-08-24 11:41:10'),
(37, 31, 2, 2, 0, 0, 1, b'1111111111111111111111111111111', b'1111111111111111111111111111111', '2017-08-24 11:41:16', '2017-08-24 11:41:16'),
(38, 32, 1, 1.5, 0, 0, 1, b'1111111111111111111111111111111', b'1111111111111111111111111111111', '2017-08-24 11:41:26', '2017-08-24 11:41:26'),
(39, 32, 2, 2, 0, 0, 1, b'1111111111111111111111111111111', b'1111111111111111111111111111111', '2017-08-24 11:41:31', '2017-08-24 11:41:31'),
(40, 33, 1, 1.5, 0, 0, 1, b'1111111111111111111111111111111', b'1111111111111111111111111111111', '2017-08-24 11:41:42', '2017-08-24 11:41:42'),
(41, 33, 2, 2, 0, 0, 1, b'1111111111111111111111111111111', b'1111111111111111111111111111111', '2017-08-24 11:41:49', '2017-08-24 11:41:49'),
(42, 34, 1, 2.25, 0, 0, 1, b'1111111111111111111111111111111', b'1111111111111111111111111111111', '2017-08-24 11:42:47', '2017-08-24 11:42:47'),
(43, 35, 1, 2.25, 0, 0, 1, b'1111111111111111111111111111111', b'1111111111111111111111111111111', '2017-08-24 11:42:56', '2017-08-24 11:42:56'),
(44, 36, 1, 2.25, 0, 0, 1, b'1111111111111111111111111111111', b'1111111111111111111111111111111', '2017-08-24 11:43:03', '2017-08-24 11:43:03'),
(45, 37, 1, 2.25, 0, 0, 1, b'1111111111111111111111111111111', b'1111111111111111111111111111111', '2017-08-24 11:43:12', '2017-08-24 11:43:12'),
(46, 38, 1, 2.25, 0, 0, 1, b'1111111111111111111111111111111', b'1111111111111111111111111111111', '2017-08-24 11:43:20', '2017-08-24 11:43:20'),
(47, 39, 1, 2.25, 0, 0, 1, b'1111111111111111111111111111111', b'1111111111111111111111111111111', '2017-08-24 11:43:29', '2017-08-24 11:43:29'),
(48, 40, 1, 2.25, 0, 0, 1, b'1111111111111111111111111111111', b'1111111111111111111111111111111', '2017-08-24 11:43:39', '2017-08-24 11:43:39'),
(49, 41, 1, 2.25, 0, 0, 1, b'1111111111111111111111111111111', b'1111111111111111111111111111111', '2017-08-24 11:43:49', '2017-08-24 11:43:49'),
(50, 42, 1, 2.25, 0, 0, 1, b'1111111111111111111111111111111', b'1111111111111111111111111111111', '2017-08-24 11:43:58', '2017-08-24 11:43:58'),
(51, 43, 1, 2.25, 0, 0, 1, b'1111111111111111111111111111111', b'1111111111111111111111111111111', '2017-08-24 11:44:08', '2017-08-24 11:44:08'),
(52, 44, 1, 2, 0, 0, 0, b'1111111111111111111111111111111', b'1111111111111111111111111111111', '2017-08-24 11:45:20', '2017-08-24 11:45:20'),
(53, 45, 1, 2, 0, 0, 0, b'1111111111111111111111111111111', b'1111111111111111111111111111111', '2017-08-24 11:45:37', '2017-08-24 11:45:37'),
(54, 46, 1, 2.25, 0, 0, 0, b'1111111111111111111111111111111', b'1111111111111111111111111111111', '2017-08-24 11:45:45', '2017-08-24 11:45:45'),
(55, 47, 1, 2, 0, 0, 0, b'1111111111111111111111111111111', b'1111111111111111111111111111111', '2017-08-24 11:46:10', '2017-08-24 11:46:10'),
(56, 48, 1, 2, 0, 0, 0, b'1111111111111111111111111111111', b'1111111111111111111111111111111', '2017-08-24 11:46:28', '2017-08-24 11:46:28'),
(57, 49, 1, 2.25, 0, 0, 0, b'1111111111111111111111111111111', b'1111111111111111111111111111111', '2017-08-24 11:46:36', '2017-08-24 11:46:36'),
(58, 50, 1, 3, 0, 0, 0, b'1111111111111111111111111111111', b'1111111111111111111111111111111', '2017-08-24 11:47:10', '2017-08-24 11:47:10'),
(59, 51, 1, 2.25, 0, 0, 0, b'1111111111111111111111111111111', b'1111111111111111111111111111111', '2017-08-24 11:47:22', '2017-08-24 11:47:22'),
(60, 52, 1, 2, 0, 0, 0, b'1111111111111111111111111111111', b'1111111111111111111111111111111', '2017-08-24 11:47:32', '2017-08-24 11:47:32'),
(61, 53, 1, 1.25, 0, 0, 0, b'1111111111111111111111111111111', b'1111111111111111111111111111111', '2017-08-24 11:47:44', '2017-08-24 11:47:44'),
(62, 54, 1, 3, 0, 0, 0, b'1111111111111111111111111111111', b'1111111111111111111111111111111', '2017-08-24 11:47:59', '2017-08-24 11:47:59'),
(63, 55, 1, 2.25, 0, 0, 0, b'1111111111111111111111111111111', b'1111111111111111111111111111111', '2017-08-24 11:48:28', '2017-08-24 11:48:28'),
(64, 56, 1, 2, 0, 0, 0, b'1111111111111111111111111111111', b'1111111111111111111111111111111', '2017-08-24 11:48:37', '2017-08-24 11:48:37'),
(65, 57, 1, 1.25, 0, 0, 0, b'1111111111111111111111111111111', b'1111111111111111111111111111111', '2017-08-24 11:49:00', '2017-08-24 11:49:00'),
(66, 58, 1, 0.3, 0, 0, 0, b'1111111111111111111111111111111', b'1111111111111111111111111111111', '2017-08-24 11:49:24', '2017-08-24 11:49:24'),
(67, 59, 1, 1, 0, 0, 0, b'1111111111111111111111111111111', b'1111111111111111111111111111111', '2017-08-24 11:49:34', '2017-08-24 11:49:34'),
(68, 60, 1, 2, 0, 0, 0, b'1111111111111111111111111111111', b'1111111111111111111111111111111', '2017-08-24 11:49:43', '2017-08-24 11:49:43'),
(69, 61, 1, 0.75, 0, 0, 0, b'1111111111111111111111111111111', b'1111111111111111111111111111111', '2017-08-24 11:49:57', '2017-08-24 11:49:57'),
(70, 62, 1, 0.5, 0, 0, 0, b'1111111111111111111111111111111', b'1111111111111111111111111111111', '2017-08-24 11:50:20', '2017-08-24 11:50:20'),
(71, 63, 1, 0.25, 0, 0, 0, b'1111111111111111111111111111111', b'1111111111111111111111111111111', '2017-08-24 11:50:32', '2017-08-24 11:50:32');

-- --------------------------------------------------------

--
-- Table structure for table `logos`
--

CREATE TABLE `logos` (
  `id` int(11) NOT NULL,
  `name` varchar(50) NOT NULL,
  `photo` varchar(80) NOT NULL,
  `create_at` timestamp NOT NULL DEFAULT CURRENT_TIMESTAMP,
  `modify_at` timestamp NOT NULL DEFAULT CURRENT_TIMESTAMP
) ENGINE=InnoDB DEFAULT CHARSET=utf8;

-- --------------------------------------------------------

--
-- Table structure for table `menus`
--

CREATE TABLE `menus` (
  `id` int(11) NOT NULL,
  `name` varchar(50) NOT NULL,
  `url` varchar(120) NOT NULL,
  `parent_id` int(11) DEFAULT NULL,
  `order_number` int(11) NOT NULL DEFAULT '0',
  `active` bit(1) NOT NULL DEFAULT b'1',
  `create_at` timestamp NOT NULL DEFAULT CURRENT_TIMESTAMP,
  `modify_at` timestamp NOT NULL DEFAULT CURRENT_TIMESTAMP
) ENGINE=InnoDB DEFAULT CHARSET=utf8;

-- --------------------------------------------------------

--
-- Table structure for table `orders`
--

CREATE TABLE `orders` (
  `id` bigint(20) NOT NULL,
  `customer_id` int(11) NOT NULL,
  `order_date` timestamp NOT NULL DEFAULT CURRENT_TIMESTAMP,
  `table_id` int(11) DEFAULT NULL,
  `pending` bit(1) NOT NULL DEFAULT b'1',
  `note` text,
  `order_by` int(11) NOT NULL,
  `active` bit(1) NOT NULL DEFAULT b'1',
  `create_at` timestamp NOT NULL DEFAULT CURRENT_TIMESTAMP,
  `modify_at` timestamp NOT NULL DEFAULT CURRENT_TIMESTAMP
) ENGINE=InnoDB DEFAULT CHARSET=utf8;

-- --------------------------------------------------------

--
-- Table structure for table `order_details`
--

CREATE TABLE `order_details` (
  `id` bigint(20) NOT NULL,
  `order_id` bigint(20) NOT NULL,
  `item_id` int(11) NOT NULL,
  `qty` int(11) NOT NULL,
  `price` float NOT NULL,
  `gross_amount` float NOT NULL,
  `discount` float NOT NULL,
  `amount` float NOT NULL,
  `cook_status` bit(1) NOT NULL DEFAULT b'0',
  `active` bit(1) NOT NULL DEFAULT b'1',
  `create_at` timestamp NOT NULL DEFAULT CURRENT_TIMESTAMP,
  `modify_at` timestamp NOT NULL DEFAULT CURRENT_TIMESTAMP
) ENGINE=InnoDB DEFAULT CHARSET=utf8;

-- --------------------------------------------------------

--
-- Table structure for table `pages`
--

CREATE TABLE `pages` (
  `id` int(11) NOT NULL,
  `title` varchar(220) NOT NULL,
  `short_description` text,
  `description` longtext,
  `url` varchar(120) NOT NULL,
  `active` bit(1) NOT NULL DEFAULT b'1',
  `create_at` timestamp NOT NULL DEFAULT CURRENT_TIMESTAMP,
  `modify_at` timestamp NOT NULL DEFAULT CURRENT_TIMESTAMP
) ENGINE=InnoDB DEFAULT CHARSET=utf8;

-- --------------------------------------------------------

--
-- Table structure for table `permissions`
--

CREATE TABLE `permissions` (
  `id` int(11) NOT NULL,
  `name` varchar(90) NOT NULL,
  `list` tinyint(4) NOT NULL DEFAULT '0',
  `insert` tinyint(4) NOT NULL DEFAULT '0',
  `update` tinyint(4) NOT NULL DEFAULT '0',
  `delete` tinyint(4) NOT NULL DEFAULT '0'
) ENGINE=InnoDB DEFAULT CHARSET=utf8;

--
-- Dumping data for table `permissions`
--

INSERT INTO `permissions` (`id`, `name`, `list`, `insert`, `update`, `delete`) VALUES
(1, 'Branch', 0, 0, 0, 0),
(2, 'Class', 0, 0, 0, 0),
(3, 'School Year', 0, 0, 0, 0),
(4, 'Room', 0, 0, 0, 0),
(5, 'Subject', 0, 0, 0, 0),
(6, 'Student', 0, 0, 0, 0);

-- --------------------------------------------------------

--
-- Table structure for table `roles`
--

CREATE TABLE `roles` (
  `id` int(11) NOT NULL,
  `name` varchar(50) NOT NULL
) ENGINE=InnoDB DEFAULT CHARSET=utf8;

--
-- Dumping data for table `roles`
--

INSERT INTO `roles` (`id`, `name`) VALUES
(1, 'Administrator'),
(4, 'POS'),
(5, 'Manager'),
(10, 'Order'),
(11, 'Cooker');

-- --------------------------------------------------------

--
-- Table structure for table `role_permissions`
--

CREATE TABLE `role_permissions` (
  `id` int(11) NOT NULL,
  `role_id` int(11) NOT NULL,
  `permission_id` int(11) NOT NULL,
  `list` int(11) NOT NULL DEFAULT '0',
  `insert` int(11) NOT NULL DEFAULT '0',
  `update` int(11) NOT NULL DEFAULT '0',
  `delete` int(11) NOT NULL DEFAULT '0'
) ENGINE=InnoDB DEFAULT CHARSET=utf8;

--
-- Dumping data for table `role_permissions`
--

INSERT INTO `role_permissions` (`id`, `role_id`, `permission_id`, `list`, `insert`, `update`, `delete`) VALUES
(1, 1, 1, 1, 1, 1, 1),
(2, 1, 6, 1, 1, 1, 1),
(3, 1, 5, 1, 1, 1, 1),
(4, 1, 4, 1, 1, 1, 1),
(5, 1, 3, 1, 1, 1, 1),
(6, 1, 2, 1, 1, 1, 1),
(7, 4, 2, 1, 0, 0, 0),
(8, 4, 3, 1, 0, 0, 0),
(9, 4, 4, 1, 0, 0, 0),
(10, 4, 5, 1, 0, 0, 0),
(11, 4, 6, 1, 0, 0, 0);

-- --------------------------------------------------------

--
-- Table structure for table `sizes`
--

CREATE TABLE `sizes` (
  `id` int(11) NOT NULL,
  `name` varchar(50) NOT NULL,
  `khmer_name` varchar(50) NOT NULL,
  `abbreviation` varchar(5) NOT NULL,
  `active` bit(1) NOT NULL DEFAULT b'1',
  `create_at` timestamp NOT NULL DEFAULT CURRENT_TIMESTAMP,
  `modify_at` timestamp NOT NULL DEFAULT CURRENT_TIMESTAMP
) ENGINE=InnoDB DEFAULT CHARSET=utf8;

--
-- Dumping data for table `sizes`
--

INSERT INTO `sizes` (`id`, `name`, `khmer_name`, `abbreviation`, `active`, `create_at`, `modify_at`) VALUES
(1, 'Regular', 'ធម្មតា', 'R', b'1111111111111111111111111111111', '2017-08-12 12:06:20', '2017-08-12 12:06:20'),
(2, 'Large', 'ធំ', 'L', b'1111111111111111111111111111111', '2017-08-20 04:47:02', '2017-08-20 04:47:02');

-- --------------------------------------------------------

--
-- Table structure for table `sliders`
--

CREATE TABLE `sliders` (
  `id` int(11) NOT NULL,
  `name` varchar(90) DEFAULT NULL,
  `photo` varchar(120) NOT NULL,
  `description` varchar(250) DEFAULT NULL,
  `order_number` int(11) NOT NULL,
  `active` bit(1) NOT NULL DEFAULT b'1',
  `create_at` timestamp NOT NULL DEFAULT CURRENT_TIMESTAMP,
  `modify_at` timestamp NOT NULL DEFAULT CURRENT_TIMESTAMP
) ENGINE=InnoDB DEFAULT CHARSET=utf8;

-- --------------------------------------------------------

--
-- Table structure for table `socials`
--

CREATE TABLE `socials` (
  `id` tinyint(4) NOT NULL,
  `name` varchar(50) DEFAULT NULL,
  `url` varchar(120) DEFAULT NULL,
  `icon` varchar(60) DEFAULT NULL,
  `order_number` int(11) DEFAULT '0',
  `active` bit(1) DEFAULT b'1',
  `create_at` timestamp NOT NULL DEFAULT CURRENT_TIMESTAMP,
  `modify_at` timestamp NOT NULL DEFAULT CURRENT_TIMESTAMP
) ENGINE=InnoDB DEFAULT CHARSET=utf8;

-- --------------------------------------------------------

--
-- Table structure for table `tables`
--

CREATE TABLE `tables` (
  `id` int(11) NOT NULL,
  `name` varchar(100) COLLATE utf8_unicode_ci NOT NULL,
  `section` varchar(100) COLLATE utf8_unicode_ci DEFAULT NULL,
  `branch_id` int(11) NOT NULL,
  `active` bit(1) NOT NULL DEFAULT b'1',
  `create_at` timestamp NOT NULL DEFAULT CURRENT_TIMESTAMP,
  `modify_at` timestamp NOT NULL DEFAULT CURRENT_TIMESTAMP
) ENGINE=InnoDB DEFAULT CHARSET=utf8 COLLATE=utf8_unicode_ci;

--
-- Dumping data for table `tables`
--

INSERT INTO `tables` (`id`, `name`, `section`, `branch_id`, `active`, `create_at`, `modify_at`) VALUES
(1, 'A01', 'Ground Floor', 9, b'1111111111111111111111111111111', '2017-08-21 04:14:38', '2017-08-21 04:14:38'),
(2, 'A02', 'Ground Floor', 1, b'1111111111111111111111111111111', '2017-08-21 04:23:54', '2017-08-21 04:23:54'),
(3, 'A03', 'Ground Floor', 1, b'1111111111111111111111111111111', '2017-08-21 04:24:01', '2017-08-21 04:24:01'),
(4, 'A04', 'Ground Floor', 1, b'1111111111111111111111111111111', '2017-08-21 04:24:08', '2017-08-21 04:24:08'),
(5, 'A05', 'Ground Floor', 1, b'1111111111111111111111111111111', '2017-08-21 04:24:36', '2017-08-21 04:24:36'),
(6, 'A06', 'Ground Floor', 1, b'1111111111111111111111111111111', '2017-08-21 04:24:41', '2017-08-21 04:24:41'),
(7, 'A07', 'Ground Floor', 2, b'1111111111111111111111111111111', '2017-08-21 04:24:47', '2017-08-21 04:24:47'),
(8, 'A08', 'Ground Floor', 2, b'1111111111111111111111111111111', '2017-08-21 04:24:51', '2017-08-21 04:24:51'),
(9, 'A09', 'Ground Floor', 2, b'1111111111111111111111111111111', '2017-08-21 04:24:57', '2017-08-21 04:24:57'),
(10, 'A10', 'Ground Floor', 14, b'1111111111111111111111111111111', '2017-08-21 04:25:02', '2017-08-21 04:25:02'),
(11, 'A11', 'Ground Floor', 1, b'1111111111111111111111111111111', '2017-08-21 04:27:11', '2017-08-21 04:27:11'),
(12, 'A12', 'Ground Floor', 1, b'1111111111111111111111111111111', '2017-08-21 04:27:16', '2017-08-21 04:27:16'),
(13, 'B01', 'Ground Floor', 1, b'1111111111111111111111111111111', '2017-08-21 04:27:26', '2017-08-21 04:27:26'),
(14, 'B02', 'Ground Floor', 1, b'1111111111111111111111111111111', '2017-08-21 04:27:32', '2017-08-21 04:27:32'),
(15, 'B03', 'Ground Floor', 1, b'1111111111111111111111111111111', '2017-08-21 04:27:41', '2017-08-21 04:27:41');

-- --------------------------------------------------------

--
-- Table structure for table `units`
--

CREATE TABLE `units` (
  `id` int(11) NOT NULL,
  `name` varchar(50) NOT NULL,
  `quantity` int(11) DEFAULT '1',
  `english_name` varchar(50) DEFAULT NULL,
  `khmer_name` varchar(50) DEFAULT NULL,
  `active` bit(1) NOT NULL DEFAULT b'1',
  `create_at` timestamp NOT NULL DEFAULT CURRENT_TIMESTAMP,
  `modify_at` timestamp NOT NULL DEFAULT CURRENT_TIMESTAMP
) ENGINE=InnoDB DEFAULT CHARSET=utf8;

--
-- Dumping data for table `units`
--

INSERT INTO `units` (`id`, `name`, `quantity`, `english_name`, `khmer_name`, `active`, `create_at`, `modify_at`) VALUES
(1, 'Box', 1, 'Box', NULL, b'1111111111111111111111111111111', '2017-08-12 11:28:58', '2017-08-12 11:28:58'),
(2, 'Glass', 1, 'Glass', NULL, b'1111111111111111111111111111111', '2017-08-12 14:53:00', '2017-08-12 14:53:00');

-- --------------------------------------------------------

--
-- Table structure for table `users`
--

CREATE TABLE `users` (
  `id` int(10) UNSIGNED NOT NULL,
  `name` varchar(255) CHARACTER SET utf8mb4 COLLATE utf8mb4_unicode_ci NOT NULL,
  `email` varchar(255) CHARACTER SET utf8mb4 COLLATE utf8mb4_unicode_ci NOT NULL,
  `password` varchar(255) CHARACTER SET utf8mb4 COLLATE utf8mb4_unicode_ci NOT NULL,
  `remember_token` varchar(100) CHARACTER SET utf8mb4 COLLATE utf8mb4_unicode_ci DEFAULT NULL,
  `created_at` timestamp NULL DEFAULT NULL,
  `updated_at` timestamp NULL DEFAULT NULL,
  `photo` varchar(120) CHARACTER SET utf8mb4 COLLATE utf8mb4_unicode_ci DEFAULT 'default.png',
  `language` varchar(2) CHARACTER SET utf8mb4 COLLATE utf8mb4_unicode_ci NOT NULL DEFAULT 'en',
  `role_id` int(11) NOT NULL DEFAULT '1'
) ENGINE=InnoDB DEFAULT CHARSET=utf8;

--
-- Dumping data for table `users`
--

INSERT INTO `users` (`id`, `name`, `email`, `password`, `remember_token`, `created_at`, `updated_at`, `photo`, `language`, `role_id`) VALUES
(1, 'Heng Vongkol', 'admin@gmail.com', '$2y$10$Gsp.GBk0VSV6gCITRnG3..y1G8hVzU86HlXA9kl1CQ46vIq/EU/ey', 'nmXMx6dZmza7eiwiuwkuE0LKHzprHHkHETNm9BSFORBCiqMC3QQCA9SSPbgk', '2017-05-27 22:35:52', '2017-05-27 22:35:52', 'vongkol-photo.jpg', 'en', 1),
(3, 'Sam Vuthy', 'vuthy@gmail.com', '$2y$10$wvjg3G6PUoeB7aNXu3jjaeXPrwqkHY4465YEmE.cfNBucOcvRGOXi', 'URrL6GdfVxXqQsg70lE33NQVple5N5sSHxglSgNtDdis4rMNi1RFsJC009YS', NULL, NULL, '20170620_055024873_iOS.jpg', 'en', 1),
(4, 'Pen Lib', 'oudom@gmail.com', '$2y$10$QClNS3cVh4mM3ymigyP2xu4jxwFH4MZkWAkOfsjq.cmNfZqveGbfG', NULL, NULL, NULL, 'default.png', 'en', 1);

--
-- Indexes for dumped tables
--

--
-- Indexes for table `branches`
--
ALTER TABLE `branches`
  ADD PRIMARY KEY (`id`);

--
-- Indexes for table `categories`
--
ALTER TABLE `categories`
  ADD PRIMARY KEY (`id`);

--
-- Indexes for table `customers`
--
ALTER TABLE `customers`
  ADD PRIMARY KEY (`id`);

--
-- Indexes for table `discounts`
--
ALTER TABLE `discounts`
  ADD PRIMARY KEY (`id`);

--
-- Indexes for table `items`
--
ALTER TABLE `items`
  ADD PRIMARY KEY (`id`);

--
-- Indexes for table `item_details`
--
ALTER TABLE `item_details`
  ADD PRIMARY KEY (`id`);

--
-- Indexes for table `logos`
--
ALTER TABLE `logos`
  ADD PRIMARY KEY (`id`);

--
-- Indexes for table `menus`
--
ALTER TABLE `menus`
  ADD PRIMARY KEY (`id`);

--
-- Indexes for table `orders`
--
ALTER TABLE `orders`
  ADD PRIMARY KEY (`id`);

--
-- Indexes for table `order_details`
--
ALTER TABLE `order_details`
  ADD PRIMARY KEY (`id`);

--
-- Indexes for table `pages`
--
ALTER TABLE `pages`
  ADD PRIMARY KEY (`id`);

--
-- Indexes for table `permissions`
--
ALTER TABLE `permissions`
  ADD PRIMARY KEY (`id`);

--
-- Indexes for table `roles`
--
ALTER TABLE `roles`
  ADD PRIMARY KEY (`id`);

--
-- Indexes for table `role_permissions`
--
ALTER TABLE `role_permissions`
  ADD PRIMARY KEY (`id`);

--
-- Indexes for table `sizes`
--
ALTER TABLE `sizes`
  ADD PRIMARY KEY (`id`);

--
-- Indexes for table `sliders`
--
ALTER TABLE `sliders`
  ADD PRIMARY KEY (`id`);

--
-- Indexes for table `socials`
--
ALTER TABLE `socials`
  ADD PRIMARY KEY (`id`);

--
-- Indexes for table `tables`
--
ALTER TABLE `tables`
  ADD PRIMARY KEY (`id`);

--
-- Indexes for table `units`
--
ALTER TABLE `units`
  ADD PRIMARY KEY (`id`);

--
-- Indexes for table `users`
--
ALTER TABLE `users`
  ADD PRIMARY KEY (`id`);

--
-- AUTO_INCREMENT for dumped tables
--

--
-- AUTO_INCREMENT for table `branches`
--
ALTER TABLE `branches`
  MODIFY `id` int(11) NOT NULL AUTO_INCREMENT, AUTO_INCREMENT=4;
--
-- AUTO_INCREMENT for table `categories`
--
ALTER TABLE `categories`
  MODIFY `id` int(11) NOT NULL AUTO_INCREMENT, AUTO_INCREMENT=11;
--
-- AUTO_INCREMENT for table `customers`
--
ALTER TABLE `customers`
  MODIFY `id` int(11) NOT NULL AUTO_INCREMENT, AUTO_INCREMENT=4;
--
-- AUTO_INCREMENT for table `discounts`
--
ALTER TABLE `discounts`
  MODIFY `id` int(11) NOT NULL AUTO_INCREMENT;
--
-- AUTO_INCREMENT for table `items`
--
ALTER TABLE `items`
  MODIFY `id` int(11) NOT NULL AUTO_INCREMENT, AUTO_INCREMENT=64;
--
-- AUTO_INCREMENT for table `item_details`
--
ALTER TABLE `item_details`
  MODIFY `id` bigint(20) NOT NULL AUTO_INCREMENT, AUTO_INCREMENT=72;
--
-- AUTO_INCREMENT for table `logos`
--
ALTER TABLE `logos`
  MODIFY `id` int(11) NOT NULL AUTO_INCREMENT;
--
-- AUTO_INCREMENT for table `menus`
--
ALTER TABLE `menus`
  MODIFY `id` int(11) NOT NULL AUTO_INCREMENT;
--
-- AUTO_INCREMENT for table `orders`
--
ALTER TABLE `orders`
  MODIFY `id` bigint(20) NOT NULL AUTO_INCREMENT;
--
-- AUTO_INCREMENT for table `order_details`
--
ALTER TABLE `order_details`
  MODIFY `id` bigint(20) NOT NULL AUTO_INCREMENT;
--
-- AUTO_INCREMENT for table `pages`
--
ALTER TABLE `pages`
  MODIFY `id` int(11) NOT NULL AUTO_INCREMENT;
--
-- AUTO_INCREMENT for table `permissions`
--
ALTER TABLE `permissions`
  MODIFY `id` int(11) NOT NULL AUTO_INCREMENT, AUTO_INCREMENT=7;
--
-- AUTO_INCREMENT for table `roles`
--
ALTER TABLE `roles`
  MODIFY `id` int(11) NOT NULL AUTO_INCREMENT, AUTO_INCREMENT=12;
--
-- AUTO_INCREMENT for table `role_permissions`
--
ALTER TABLE `role_permissions`
  MODIFY `id` int(11) NOT NULL AUTO_INCREMENT, AUTO_INCREMENT=12;
--
-- AUTO_INCREMENT for table `sizes`
--
ALTER TABLE `sizes`
  MODIFY `id` int(11) NOT NULL AUTO_INCREMENT, AUTO_INCREMENT=3;
--
-- AUTO_INCREMENT for table `sliders`
--
ALTER TABLE `sliders`
  MODIFY `id` int(11) NOT NULL AUTO_INCREMENT;
--
-- AUTO_INCREMENT for table `socials`
--
ALTER TABLE `socials`
  MODIFY `id` tinyint(4) NOT NULL AUTO_INCREMENT;
--
-- AUTO_INCREMENT for table `tables`
--
ALTER TABLE `tables`
  MODIFY `id` int(11) NOT NULL AUTO_INCREMENT, AUTO_INCREMENT=16;
--
-- AUTO_INCREMENT for table `units`
--
ALTER TABLE `units`
  MODIFY `id` int(11) NOT NULL AUTO_INCREMENT, AUTO_INCREMENT=3;
--
-- AUTO_INCREMENT for table `users`
--
ALTER TABLE `users`
  MODIFY `id` int(10) UNSIGNED NOT NULL AUTO_INCREMENT, AUTO_INCREMENT=5;COMMIT;

/*!40101 SET CHARACTER_SET_CLIENT=@OLD_CHARACTER_SET_CLIENT */;
/*!40101 SET CHARACTER_SET_RESULTS=@OLD_CHARACTER_SET_RESULTS */;
/*!40101 SET COLLATION_CONNECTION=@OLD_COLLATION_CONNECTION */;
